id,section,manuscript_label_or_location,claim_summary,action,new_value_or_note,reviewer_mapping_inferred
1,Abstract,line 58,"macro-F1 0.8159; IAD 0.7514, LMEP 0.7305, IMP 0.8115",replace,"ToN-IoT stacked RF-GCN macro-F1 0.309; Edge-IIoTset RF-alone macro-F1 0.615, stacked 0.165 -- see full abstract rewrite in DIFF.md 12.1",Statistical robustness / results integrity
2,Abstract,line 58,"impact forecasting ROC-AUC 0.9047 PR-AUC 0.4186 Capture@5%=0.6820",remove,"Impact forecasting is not evaluable on either real dataset (structural/temporal data limitation) -- see DIFF.md 12.1 for replacement sentence",Results integrity / reviewer request for validated numbers
3,Section 5.1 (dataset description),lines 508-512,"multi-modal ToN-IoT (IoT+network+Linux+Windows) is the evaluated data source",replace or rescope,"Validated pipeline uses network-flow-only ToN-IoT (11,536 instances, 104 features). Either implement multi-modal fusion before publishing, or rescope text to network-flow-only and move multi-modal to Future Work",Scope/generalization (inferred)
4,Table raw_modality_splits,lines 545-577,"7 IoT streams + network(23M flows) + 6 Linux + 2 Windows, unified N=759582",remove,replace with Table 12.6 (real dataset summary),Results integrity
5,Table summary_stats_from_logs,lines 599-652,"N=759582 F=310 modality/stage percentages top attack types graph 3M edges impact 236 assets",remove,replace with Table 12.6 (real dataset summary),Results integrity
6,Table graph_hparams_stats,lines 352-377,"F=310 |V|=759582 |E|=3036716 base-train/meta-train/test 379594/94899/285089",replace,"Real: F=104 (ToN-IoT)/175 (Edge-IIoTset); |V|=11536/142095; interaction edges=11555/17685; temporal edges=0/0; train/val/test 6922/2307/2307 and 68301/10804/62990",Results integrity
7,"Section 5.1.3 (Delta t selection)",line 363 / 806,"Delta t=60s selected on validation identities only (implies meaningful tuning)",soften,"Real window-sensitivity sweep (30/60/120/300s) shows IDENTICAL macro-F1 at every candidate -- no measurable effect; 60s retained as default, not selected via a meaningful search",Sensitivity analysis (inferred: reviewer asked for window-size sensitivity)
8,Table tab:main_4class_results_all,lines 976-1009,"RF .786 GCN .793 LateFusion .806 StackedRFGCN .816(best) XGB/LGBM .801 GRU .795 SAGE .800 GAT .804",replace,"See DIFF.md 12.2 -- real numbers for both datasets; Stacked RF-GCN is NOT best on either real dataset",Results integrity (central finding)
9,Section 6.1 narrative,lines 946-948; 960-972,"stacking achieves highest Macro-F1 / most balanced profile / largest gains on IAD IMP",soften/rewrite,"Real data shows GCN-alone (ToN-IoT) and RF-alone (Edge-IIoTset) outperform the stacked model; meta-learner ablation shows logistic-regression meta-learner is the likely cause, gradient boosting partially recovers Edge-IIoTset (0.308 single-seed)",Results integrity (central finding)
10,Table tab:ovr_combined,lines 1045-1060,"IAD P.393 R.539 F1.454 PRAUC.312; LMEP P.827 R.538 F1.652 PRAUC.701; IMP P.9998 R.154 F1.267 PRAUC.585",replace,"See DIFF.md 12.3 -- real ToN-IoT numbers are single-digit-count noise (n_pos=1/1/3); real Edge-IIoTset numbers (new, well-powered) promoted as primary",Results integrity
11,Table tab:impact_split_counts,lines 1080-1094,"Train 165/7 Val 35/1 Test 36/2 (manuscript itself flags as illustrative)",remove,"Impact forecasting invalid on both real datasets -- see DIFF.md 12.4 replacement section",Results integrity
12,Table tab:impact_results_combined,lines 1105-1128,"Stage-only/Embedding-only/Dual-stream GRU Capture@1/2/5/10%",remove,"See DIFF.md 12.4",Results integrity
13,Section 6.2 prose,lines 1096-1137,"'10/236 positives...16/243...' recall-first behaviour; held-out triage ranking; dual-stream helps; failure cases",remove/rewrite,"Replace entire subsection with DIFF.md 12.4 honest data-limitation writeup; keep leakage-control claims (independently verified, still true)",Results integrity
14,Table tab:seed_robustness,lines 1157-1170,"Impact prediction Dual-stream GRU PR-AUC 0.419+-0.018",remove row,"See DIFF.md 12.5 -- replace with stage-detection rows for both datasets, drop impact-prediction row",Results integrity
15,Section 5.7 (Scalability paragraph),lines 878-879,"32vCPU 256GB RAM GPU 11.8GB mini-batch neighbor sampling fanouts{15,10} 45k nodes/s 18.2s/epoch",remove,"Real: GCN trains transductively (full-graph forward pass) on CPU, no neighbor sampling/mini-batching in codebase. Replace with real inference_latency table (DIFF.md 12.7)",Deployability / reproducibility (inferred)
16,Figure fig:epoch + paragraph,lines 881-889,"baseline/overfit/faster-noisier training curves",flag_unverifiable,"No per-epoch log artifact exists anywhere in results/. Either instrument trainers and regenerate for real, or remove. Needs your decision -- not auto-removed since it may be addable cheaply",Reproducibility (inferred)
17,Section 5.6.2 (inter-annotator agreement),line 669,"consensus=83.3% kappa=0.78",flag_unverifiable,"Manual annotation exercise, not reproducible from pipeline artifacts -- confirm this took place; add note that this is manual, distinct from the new automated stage-mapping-sensitivity table",Reproducibility (inferred)
18,New table,not in manuscript,Edge-IIoTset main results (dataset summary/4-class/OvR),add,"Table 12.2 and 12.3 Edge-IIoTset panels; promised in Sec 5.1.1 / Table tab:edgeiiotset_stage_mapping but never delivered",Scope/generalization (red-tracked edit, confirmed from manuscript)
19,New table,not in manuscript,Stage-mapping sensitivity (both datasets),add,\input{manuscript_tables/tab_{dataset}_stage_mapping_sensitivity.tex},Label-mapping robustness (inferred)
20,New table,not in manuscript,Graph ablation (both datasets),add,\input{manuscript_tables/tab_{dataset}_graph_ablation.tex} -- fulfills Sec 4 'Edge-typed variants' promise,Ablation justification (inferred)
21,New table,not in manuscript,Meta-learner ablation (both datasets),add,\input{manuscript_tables/tab_{dataset}_meta_learner_ablation.tex} -- explains Finding 1,Ablation justification (inferred)
22,New table,not in manuscript,Baseline-tuning fairness (both datasets),add,\input{manuscript_tables/tab_{dataset}_baseline_tuning.tex},Baseline fairness (inferred)
23,New table,not in manuscript,Bootstrap 95% CI (both datasets),add,"\input{manuscript_tables/tab_{dataset}_bootstrap_ci.tex} -- caveat ToN-IoT only 50/1000 valid iterations",Statistical robustness (inferred)
24,New table,not in manuscript,Inference latency (both datasets),add,See item 15 replacement,Deployability (inferred)
25,New table + figure,not in manuscript,Window-sensitivity (ToN-IoT only; Edge-IIoTset SKIPPED),add,\input{...window_sensitivity.tex} + results/figures/toniot/window_sensitivity.png,Hyperparameter sensitivity (inferred)
26,New table,not in manuscript,Horizon-sensitivity SKIPPED note (both datasets),add,\input{manuscript_tables/tab_{dataset}_horizon_sensitivity.tex} -- documents forecasting invalidity source,Results integrity / transparency
27,Section 4.2 (feature construction prose),lines 262-270,"describes IoT/Linux/Windows field-level aggregation as implemented",soften,"This is valid framework/design description but was never executed at this scale -- add an explicit scope note that only the network-flow modality was empirically evaluated in this paper's results",Scope/generalization (inferred)
28,Section 6.2 (Complementarity paragraph),lines 1130-1133,"assumes both conservative IMP alerting and impact forecasting are available signals",soften,"Reword to not presuppose a forecasting result exists; frame forecasting as future-evaluable once data limitation is resolved",Results integrity
29,Whole document,general,"no response-to-reviewers letter found anywhere in repo/filesystem",flag,"Reviewer-comment mapping in this file and DIFF.md is INFERRED except item 18 (confirmed via manuscript's own \color{red} tracked edit). Supply the actual letter for firm R1/R2 attribution",N/A
